7N1FRE,KAZ
AA0AW,DOUGLAS
AA0BY,LARRY
AA0IW,DAVID
AA0JR,JAKOB
AA1SQ,JOHN
AA2IL,JOSEPH
AA3TZ,TOM
AA4AI,ROBERT
AA4BW,STEPHEN
AA6PW,BOB
AA6XA,JEFFREY
AA7FO,CHUCK
AA7OY,DALE
AA7RM,NATE
AA7TQ,GORDON
AA8UP,JOHN
AB0BM,GARY
AB5SE,JERRY
AB5SS,JOHN
AB5XW,CHRIS
AB6SV,DANIEL
AB9CA,DAVE
AC1Z,ROBERT
AC2WU,DAVID
AC3IE,PAUL
AC4NK,RYAN
AC6JA,MICHAEL
AC6M,ALEXANDER
AC6NT,ERIC
AC6YY,NENAD
AC6ZQ,CHRISTOPHE
AC7MA,RICHARD
AC7P,CREATH
AC7PB,BRIAN
AC9OT,JOHN
AD0YM,MICHAEL
AD1C,JAMES
AD4GN,JAMES
AD5A,MIKE
AD7HI,D
AD7N,BENJAMIN
AE0MM,MARK
AE0PL,THOMAS
AE0VP,THOMAS
AE0ZV,CHANE
AE1JS,JEAN
AE1MS,MARK
AE2W,CARLOS
AE4LH,DAVID
AE6B,COREY
AE7CG,LOREN
AE7I,CRAIG
AE7WE,ROBERT
AE9EE,JIM
AE9XT,MICHAEL
AF0AJ,WESLEY
AF0E,ALEKSEY
AF1US,BRIAN
AF5D,BAYU
AF8E,JOHN
AF8P,THOMAS
AG6N,BENJAMIN
AG6ZE,ALAN
AG7GP,AMY
AG7NR,MANFRED
AG7YM,KIRK
AH6K,MARC
AI3A,ALAN
AI4UH,ADAM
AI5DD,JOSEPH
AI6QZ,DAVID
AI6XG,DAN
AI6YY,YUEDONG
AI7LF,KENNETH
AI7MB,MICHAEL
AI7MW,JOHN
AI7QO,ROY
AI7RK,JESSY
AJ6CL,MARTIN
AJ6HO,LORETTA
AJ6KZ,KELLY
AJ6X,GABRIEL
AJ6YV,WILLIAM
AJ7CD,TINLY
AJ7CM,ANDREW
AK0A,KENNETH
AK5SD,SCOTT
AK6CG,ROBERT
AK6FQ,LARRY
AK6IY,CAMERON
AK6MA,BRIAN
AK7U,KEVIN
AL7KC,WILLIAM
AL7T,DOYLE
DL2COM,
F4WBN,CHRISTIAN
JA1VVH,TADA
JA5QJX,YASU
JF4IQS,TETSUSHI
JG0AWE,WAKA
JH1MXV,HATORI
JR2IUB,TAKEYA
JS1IFK,GEN
K0ACP,ARTHUR
K0AV,ALANSON
K0DME,BENJAMIN
K0HAA,NOLAN
K0KLA,JAMES
K0LAR,SCOTT
K0MP,WILLIAM
K0TTW,KEVIN
K0VK,FREDERICK
K1CT,WILLIAM
K1JD,JOHN
K1NGZ,MICHAEL
K2FTS,FLAG
K2JVB,DAVID
K2K,CARYN
K2LT,LEE
K2TNX,JUSTIN
K2UPD,A
K3ES,BRIAN
K3GX,DAVE
K3SLH,STEVEN
K3TCU,GARY
K4MEW,CARRIE
K4MW,PETER
K4TNE,JEFFREY
K4VIG,GARY
K4WOP,JAMES
K5COL,CHAD
K5DEZ,TIMOTHY
K5DGR,DIRK
K5EM,JUSTIN
K5G,GET
K5KUA,JOE
K5OHY,TIM
K5PE,ROGER
K5RX,JAMES
K5SJC,STEVE
K5UK,JIM
K5ZM,IAN
K6ARK,ADAM
K6BBQ,REM
K6EL,ELLIOTT
K6GQP,JEREMIAH
K6HPX,KENNETH
K6JS,JIM
K6KM,ROBERTO
K6KMH,KEVIN
K6KMZ,DAVID
K6KWV,KC
K6MII,MICHAEL
K6NF,CAROL
K6NOV,RAY
K6PBF,RICHARD
K6STR,MICHAEL
K6TOR,RICK
K6TTA,JEFF
K6TUY,ROBERT
K6YA,FOOTHILLS
K6YK,JOHN
K7AHR,ANNE
K7ATN,ETIENNEATN
K7AZT,PAUL
K7CL,CHRISTOPHER
K7CO,JON
K7EA,WILLIAM
K7ESK,ETHAN
K7EVM,ERIC
K7FC,ZACH
K7FD,JOHN
K7GT,ALLAN
K7GUD,PATRICK
K7HSH,ANDREW
K7JRO,JOHN
K7KC,GREAT
K7LED,MIKE
K7LST,LAWRENCE
K7LVJ,JOHN
K7LVS,LARRY
K7MAS,MARK
K7MK,JIM
K7MOA,KEITH
K7NOJ,RANDALL
K7NXL,DANIEL
K7PKB,DANIEL
K7PX,STEPHEN
K7RLN,RALPH
K7RO,JOHN
K7SFA,MARK
K7SHR,PAUL
K7SO,SAT
K7SPS,STEPHEN
K7STB,STUART
K7TAA,CHARLES
K7TMM,MICHAEL
K7TPD,THOMAS
K7TQ,RANDY
K7TXA,JAMES
K7ULM,DICK
K7UOU,GARY
K7UPJ,GERALD
K7UT,DARRYL
K7VK,VICK
K7VM,CRAIG
K7WA,JAMES
K7WFM,WARREN
K7WXW,BILL
K7YIC,WILLIAM
K8BTU,WILLIAM
K8CES,JESUS
K8FB,FRANKLIN
K8LF,JEROME
K8RLE,RAYMOND
K8ZI,INGRID
K9IR,PAULA
K9MA,SCOTT
K9MMS,GARY
K9OSC,ROBERT
K9PM,PAUL
K9VIC,ERIC
K9WO,STEVEN
KA0CSW,JAMES
KA0LDG,KENT
KA1UUM,MARK
KA2KGP,THOMAS
KA3DRR,SCOT
KA3WGF,JAMES
KA4WLX,BRIAN
KA5PVB,CHARLES
KA5TXN,MARK
KA7GPP,DAN
KA7HOS,RUSS
KA7OEI,CLINTON
KA7U,RONALD
KB0ZOM,BENJAMIN
KB2GKC,JOHN
KB5YZY,MARK
KB6NTW,VINCENT
KB6NU,DANIEL
KB7DYP,KEVIN
KB9ENS,THOMAS
KB9S,MARK
KC0DGR,JAMES
KC0ZPS,RON
KC1MXB,JB
KC1NDQ,FRAN
KC3RT,EUGENE
KC4CR,DAVID
KC5F,STEVE
KC6IJH,WILLIAM
KC6ZTT,ANNETTE
KC7PFR,DAVID
KC7WXD,JACOB
KC7YE,JACK
KC8LA,GLEN
KC8RVD,PETER
KC9UR,ROBERT
KD0FNR,HAMILTON
KD0SRR,LOGAN
KD5KKI,ROSS
KD6VGB,JERRY
KD6XU,BARRY
KD7DTS,MARK
KD7DUG,DUGBO
KD7J,JEFFRY
KD7LX,COREY
KD7QOW,JOSEF
KD7QT,SNOWBIRD
KD7REM,CHRISTOPHER
KD7S,NANCY
KD7WPJ,OLEH
KD8BBK,ANTHONY
KD8IE,KEVIN
KD9UDV,STEVEN
KE0VWA,DAVID
KE0YDN,MARK
KE2FUA,DANIEL
KE4KE,TIMOTHY
KE4WLE,RICHARD
KE5AKL,MICHAEL
KE5AQD,ROGER
KE5CW,TOM
KE5HP,HOUSTON
KE6MT,REX
KE6SRN,CAROL
KE6X,RANDALL
KE7CR,RONALD
KE7F,MICHAEL
KE7ICU,DAVID
KE7KVR,MIKE
KE7PMN,PAUL
KE8VC,DAVID
KE9AJ,JOSEPH
KE9BHN,PAUL
KF0AX,PHILIP
KF0MIR,RICHARD
KF1YGY,MATTHEW
KF6HI,BRIAN
KF6I,ROBERT
KF6SWU,CHRISTOPHER
KF6YAL,MICHAEL
KF7PXT,MATTHEW
KF7WI,DWIGHT
KF7WX,CHRISTIAN
KF8FCC,ERIC
KF9D,ROGER
KF9VV,JIM
KG0HG,JOSEPH
KG4BIG,KENNETH
KG4EXY,JOHN
KG5ES,THADDEUS
KG5WPZ,THOMAS
KG6YJ,JUN
KG7KKE,PHILIP
KG8CO,BRIAN
KH2TJ,TODD
KH6RF,JOHN
KH7AL,ALLEN
KI0KN,JAMES
KI5GBQ,RUSS
KI5GTR,LES
KI5JG,JIMMY
KI5WWT,JOSEPH
KI6SYD,MAX
KI6UJH,DOUGLAS
KI7KY,BEN
KI7MJR,DAVID
KI7NTK,JAMES
KI7PBR,GARY
KI7QCF,FORREST
KJ4WNA,MAX
KJ5T,STEVE
KJ6VU,GEORGE
KJ7BES,STEVE
KJ7BS,MARK
KJ7DCF,SCOTT
KJ7DT,PAUL
KJ7KVD,RYAN
KJ7LLS,CLINTON
KJ7RPL,BRENT
KJ7XJ,ERIC
KJ9X,GREGG
KK2B,ED
KK6IK,SCOTT
KK6MT,RALPH
KK6QZM,JARED
KK6SQ,MICHAEL
KK6WT,HUSTON
KK6Z,GEORGE
KK7A,JAMES
KK7ER,MICHAEL
KK7KKT,ELIAS
KK7LHY,KYLE
KK7NLA,MARK
KK7NNC,RICHARD
KK7NOM,ADAM
KK7QVY,JEREMIAH
KK7RIB,CRAIG
KK7UEH,RIVER
KL0NP,WILL
KL7AC,ANDRE
KM4CFT,JONATHAN
KM4KY,MICHAEL
KM6HBH,ROBERT
KM7ANM,DEVAN
KM7CBE,JOSHUA
KM7COJ,JOSHUA
KM7CPE,RIO
KM7EGH,MICHAEL
KM7H,JAMES
KN4BMQ,MARK
KN4OK,DAVE
KN6BAZ,ALEX
KN6CX,CHARLES
KN6DMO,LUIS
KN6DR,THOMAS
KN6EZE,MIKE
KN6FNY,KEVIN
KN6KC,ERIC
KN6MGK,STEVEN
KN6NIR,VICTOR
KN6OMN,DON
KN6QWP,BEN
KN6RDC,DANA
KN6UDK,WILLIAM
KN6VQ,JACQUES
KN6VZX,WILLIAM
KN6ZFI,ANDREW
KN7U,MICHAEL
KO4TQF,TYLER
KO4VW,STEVE
KO6A,HUBERT
KO6BDT,ALI
KO6GGF,DANIEL
KO6MFO,LUCAS
KO6MFP,ANNA
KO6TX,DOUGLAS
KO7I,DONALD
KQ2RP,CHRISTOPHER
KQ6MT,ERIC
KQ6QB,PETER
KQ8Q,DANIEL
KR6I,GREGORY
KR7Q,DENNIS
KR7RK,KEITH
KR7W,RICHARD
KS4CR,THOMAS
KS5X,CRAIG
KT0A,GARY
KT0P,SCOTT
KT5X,FREDERICK
KT7RC,TORTOLITA
KU2MM,PHLIAR
KU7H,D
KV4AN,STEVEN
KW5CW,JAMES
KW6E,KEVIN
KX0R,GEORGE
KX0Y,LARRY
KX6I,JEFFRY
KY4GS,AMANDA
KY4ZY,DAVID
KZ2V,NICK
KZ9V,DAVID
N0AER,THOMAS
N0AIE,EVERETT
N0ANE,MICHAEL
N0DET,DAVID
N0DNF,BILL
N0GN,PAUL
N0HC,CLIFFORD
N0IJK,CHRIS
N0IPA,JIM
N0KJI,HERBERT
N0MRK,MARK
N0MTN,MARK
N0MTT,MATTHEW
N0QLR,ROBERT
N0RAT,MATEO
N0RZ,CHARLES
N0TA,JOHN
N0TOP,JOHN
N0TU,MICHAEL
N0UMF,RICHARD
N0VIG,CHRISTOPHER
N1BS,BRIAN
N1CCC,DANIEL
N1CLC,CHRISTIAN
N1IDN,MICHAEL
N1SMB,AL
N2G,SPECIAL
N2GA,GEORGE
N2GSL,EDWARD
N2IC,STEVEN
N2VGA,LAWRENCE
N2ZN,KENNETH
N3BEN,BEN
N3CAA,COREY
N3RC,ROGER
N3XLS,JOSEPH
N4DH,DEAN
N4EX,RICH
N4HNH,DOUGLAS
N4JEH,JENNA
N4KGY,BART
N4KPT,SPENCER
N4LAG,ANDY
N4LDB,LANCE
N4MJ,GLENN
N4NN,ALLEN
N4TIZ,BYRON
N4TU,LYNN
N5ILQ,RANDY
N5JO,MICHAEL
N5NU,JASON
N5OT,MARK
N5RLH,RANDALL
N5URL,ROBERT
N5XR,CONOR
N6AN,DAVID
N6ARA,ARA
N6CHU,ROBERT
N6DIQ,CHARLES
N6EF,WILLIAM
N6EK,KC
N6HAN,HAN
N6HI,JOHN
N6HMR,GARY
N6HU,RANDY
N6IZ,BRIAN
N6JFD,JAMIE
N6JW,JOHN
N6KM,BROOKS
N6KZ,JAMES
N6MKW,MICHAEL
N6MTB,WILLIAM
N6PKT,RICHARD
N6PVM,HEVA
N6RUN,SBX
N6TEM,STEVEN
N6VHF,NEIL
N6WAI,MICHAEL
N6WT,D
N7AMA,THOMAS
N7ATU,RONALD
N7BBQ,RONALD
N7BUH,DANIEL
N7BYD,THOMAS
N7CCD,JAMES
N7CQR,DANIEL
N7CW,WARREN
N7DX,ANTHONY
N7DZ,WILLIAM
N7EDK,EDWARD
N7FRO,STEVE
N7ID,MIKE
N7ITU,SCOTT
N7JO,JEFFREY
N7JTT,JOHN
N7KM,KENNETH
N7KOM,TIM
N7LKL,DAVE
N7MCB,MATT
N7MEB,ELISABETH
N7MSI,WILLIAM
N7MZZ,BENJAMIN
N7PHI,DEREK
N7RVD,BRIAN
N7TB,TERENCE
N7TX,STEVE
N7UN,GUY
N7VS,STEPHEN
N7WPO,MIKE
N7XJ,ROBERT
N7Y,RON
N8JMS,JUSTIN
N8PEM,CHRISTOPHER
N8YAK,STEVEN
N9FAL,MARK
N9G,SPECIAL
N9JF,JAMES
N9KW,JOHN
N9OHW,MICHAEL
N9QF,JEFF
NA6MG,DANIEL
NA6O,GARY
NA7C,TED
NA7DO,ALDO
NB7O,KEVIN
ND0C,RANDY
NE6NE,ZHUO
NE7ET,JAROD
NG7M,MAX
NG7N,CRAIG
NI6L,TIM
NJ0Q,MICHAEL
NJ6Q,JEREMY
NJ7V,CHARLIE
NK8O,CHARLES
NL5Y,GREGORY
NM5BG,BRIAN
NM5N,SAMUEL
NM5S,ALAN
NM5TW,THOMAS
NN5D,BOB
NN6RF,RYAN
NN7M,RYAN
NN7O,TOM
NQ1F,STEVEN
NR5NN,JAMES
NS1C,KENNETH
NS7P,PHILLIP
NT1B,JEFFREY
NT6E,JON
NT7S,JASON
NU6W,JUSTIN
NU7A,BREN
NU7J,THOMAS
NU7Y,QUINTON
NV4H,THOMAS
NW7US,TOMAS
NY3A,STEVE
NZ4R,SCOTT
NZ7Q,PAUL
SM3NRY,THOMAS
VA4ADM,PAUL
VA4BDK,BRADLEY
VA6TI,TYLER
VA7DVO,DMITRY
VA7OM,LES
VC7G,CQWWWPXCW
VE1ZZ,BRYNE
VE2QRA,GUY
VE3MM,RICHARD
VE4AN,ALFRED
VE6AGR,KEN
VE6LK,VINCE
VE7AP,ROGER
VE7ATJ,DON
VE7EA,LARRY
VE7EFF,JEFF
VE7HI,KEN
VE7IO,FREDERICK
VE7JBX,JOHN
VE7JH,GABOR
VE7JYD,BRIAN
VE7KHI,KEVIN
VE7KIN,BILL
VE7LWW,VEACESLAV
VE7OM,RALPH
VE7OSH,AMRIT
VE7SRF,SHELDON
VE7VAK,ERIC
VE7ZWA,DALE
W0ABE,FIN
W0AJK,AARON
W0ANM,CHRIS
W0BET,DARREL
W0BTS,BRIAN
W0CLA,CHAFFEE
W0DOS,CONNOR
W0ERI,MARTHA
W0GAS,GREGORY
W0JSL,JAMES
W0MNA,GARY
W0RLY,ERIC
W0VI,RICHARD
W0VTT,MICHAEL
W1EJ,EDWARD
W1J,CHIEF
W1ND,GLEN
W1SAV,SAVI
W1UL,THOMAS
W1XT,ROBERT
W2DON,DON
W2MY,STEVEN
W2NC,KEVIN
W2NR,RANDY
W2VG,MARK
W2WC,WILLIAM
W3BL,ELKINS
W3GTR,SCOTT
W4DHW,DAVID
W4GO,MATTHEW
W4JKC,THOMAS
W4JL,DAVID
W4KRN,KAREN
W4LOO,PAUL
W4NLT,ANDY
W4SK,JOHN
W4SV,WARREN
W4VOA,BENNETT
W5BOS,LANNY
W5CU,SAM
W5ESE,SCOTT
W5KEB,JEREMY
W5LXS,ROGER
W5ODS,GARY
W5RST,WILLIAM
W6A,ROUTE
W6DAC,DAVE
W6DT,WAYNE
W6EFI,CONSTANCE
W6ETA,IGOR
W6GRT,ARTHUR
W6H,BILL
W6JSV,JAMES
W6JY,JAMES
W6K,ROUTE
W6KC,JAMES
W6KME,KEITH
W6KSR,EDWARD
W6LEN,JESS
W6LOR,LOR
W6PNG,PAUL
W6STR,MICHAEL
W6TDX,CHRISTOPHER
W6TED,TED
W6ZKH,JOHN
W7BTR,BLAINE
W7CBR,CHARLES
W7CPP,CONSTANTINE
W7DLZ,DEREK
W7DZ,TIMOTHY
W7GA,GREGORY
W7JET,BRIAN
W7JMP,JAMES
W7JNM,ROBERT
W7JRD,JAMES
W7LHT,ZACHARY
W7MDN,MATT
W7MTB,CHRISTOPHER
W7NNR,DANIEL
W7ODO,RONALD
W7ORD,RICHARD
W7PFB,PAUL
W7PQ,R
W7PX,HELLGATE
W7RTA,CHARLIE
W7SKH,SUSAN
W7SUB,USS
W7TAO,TODD
W7UM,MARK
W7VD,ROBERT
W8BMO,BRADLEY
W8JH,JOSEPH
W8MND,WILLIAM
W8NI,KEVIN
W8RTJ,JAMES
W8TK,THOMAS
W8TMI,TIMOTHY
W8XAL,DAVID
W9FMI,CARL
W9GTA,PATRICK
WA0WWW,JAY
WA1VEI,PAUL
WA2AKV,HAL
WA2EDJ,RICHARD
WA2SPL,JOSEPH
WA2USA,DENNIS
WA3LTJ,ANDREW
WA4FLH,GARY
WA5PQL,ERNEST
WA5ZEG,EDWARD
WA6CJE,TYGE
WA6CUX,SUSANNE
WA6GFE,LAWRENCE
WA6MM,BRAD
WA6PPG,CARL
WA7BEN,BEN
WA7BRL,CHARLES
WA7JTM,PETER
WA7LNW,JACK
WA7NCL,FREMONT
WA7RLZ,KENNETH
WA9AGG,BURLAND
WB0JNR,ROGER
WB0JXR,RICHARD
WB0LQW,DONALD
WB0POH,KEVIN
WB0RLJ,JIM
WB0YDF,SILVER
WB2FUV,MICHAEL
WB2KWC,KENNETH
WB3DDJ,MICHAEL
WB4IT,BRIAN
WB5MET,JIMMY
WB5USB,GEORGE
WB6BYU,DALE
WB6EDK,BROOKS
WB6POT,PETER
WB6RVP,NICHOLAS
WB6TIS,ROBERT
WB7BWZ,BOB
WB7ULD,CARL
WB7UOF,C
WB8BHN,SEVIM
WB9HFK,MARK
WC1D,RICHARD
WC1N,ROBERT
WD0AJG,REX
WD4CFN,STEVE
WD5GRW,JAMES
WD9EGW,CHARLES
WE4DX,HAM
WF4I,DEREK
WG0AT,STEPHEN
WG0Y,DAVID
WG7MM,STEVE
WG8X,JOHN
WI0S,KC
WI2X,RADIO
WJ5K,WILLIAM
WJ7V,JEFFREY
WJ7WJ,WILLIAM
WM2V,GEORGE
WM6Y,PHILOMEN
WN2G,NICHOLAS
WN3F,ROY
WN4AT,JOEY
WN7JT,GABE
WN9U,GARY
WQ0A,BRIAN
WR4Y,PHIL
WR7B,CHRISTOPHER
WR7D,KENDALL
WS0TA,CLUB
WS0Y,ROBERT
WS4Y,WILLIAM
WT5O,JAMES
WT7B,ROSS
WU0A,JOHN
WU7H,JOSH
WU8T,THOMAS
WV1T,DANIEL
WV3V,JASON
WV7W,ROBERT
WW5BL,BRUCE
WW6W,MARKUS
WW7D,DARRYL
WW8L,TIM
WW9R,PATRICK
WX1S,ALFRED
WX7OR,JEFF
WY7AA,ROBERT
WY7N,BRUCE
WY7WL,WILLIAM
WZ4M,THOMAS
XE2MXZ,JUAN
XE2S,MARCO
ZL1TM,ANDREI
